source,alias,ufcstats_id,note
mdabbert,Alekander Volkov,279566840aa55bf2,silver name: Alexander Volkov; 1 mdabbert row(s) matched by opponent+date
mdabbert,Alessandro Ricci,bf9bc96336922271,silver name: Alex Ricci; 2 mdabbert row(s) matched by opponent+date
mdabbert,Alex Munoz,f8f1ec513bcfef43,silver name: Alexander Munoz; 1 mdabbert row(s) matched by opponent+date
mdabbert,Alexandra Albu,e76d9f656ceb82ab,silver name: Aleksandra Albu; 4 mdabbert row(s) matched by opponent+date
mdabbert,Ali Qaisi,e87a13e02c01331d,silver name: Ali AlQaisi; 1 mdabbert row(s) matched by opponent+date
mdabbert,Alvaro Herrera,74d35fbc9c6a61bd,silver name: Alvaro Herrera Mendoza; 3 mdabbert row(s) matched by opponent+date
mdabbert,An Ying Wang,69e8c632135af48b,silver name: Anying Wang; 2 mdabbert row(s) matched by opponent+date
mdabbert,Aori Qileng,7d420039bbfe7c1a,silver name: Aoriqileng; 1 mdabbert row(s) matched by opponent+date
mdabbert,Ariane Lipski,6551c64fbcd1a467,silver name: Ariane da Silva; 6 mdabbert row(s) matched by opponent+date
mdabbert,Benny Alloway,c4fe2e9a06ea5bcb,silver name: Ben Alloway; 3 mdabbert row(s) matched by opponent+date
mdabbert,Bobby Green,887961364be5ceb3,silver name: King Green; 19 mdabbert row(s) matched by opponent+date
mdabbert,Bradley Scott,34e552520a934063,silver name: Brad Scott; 7 mdabbert row(s) matched by opponent+date
mdabbert,Brianna Van Buren,b53c46f613f6f248,silver name: Brianna Fortino; 1 mdabbert row(s) matched by opponent+date
mdabbert,Bubba McDaniel,5cafbc97dba2e797,silver name: Robert McDaniel; 3 mdabbert row(s) matched by opponent+date
mdabbert,Caludia Gadelha,ec34349e7dffcde7,silver name: Claudia Gadelha; 1 mdabbert row(s) matched by opponent+date
mdabbert,Caludio Puelles,d747eb273a40a920,silver name: Claudio Puelles; 1 mdabbert row(s) matched by opponent+date
mdabbert,Carlo Pedersoli,198994b47f395af0,silver name: Carlo Pedersoli Jr.; 2 mdabbert row(s) matched by opponent+date
mdabbert,Chanmi Jeon,24174a3f44ce8e03,silver name: Chan-Mi Jeon; 2 mdabbert row(s) matched by opponent+date
mdabbert,Cheyanne Buys,4959f10a62f3fec3,silver name: Cheyanne Vlismas; 1 mdabbert row(s) matched by opponent+date
mdabbert,Costas Philippou,05560764359161e4,silver name: Constantinos Philippou; 10 mdabbert row(s) matched by opponent+date
mdabbert,Cris Cyborg,634bb0de2eb043b4,silver name: Cristiane Justino; 6 mdabbert row(s) matched by opponent+date
mdabbert,Da Un Jung,74f9448b97bf8bec,silver name: Da Woon Jung; 3 mdabbert row(s) matched by opponent+date
mdabbert,Danaa Batgerel,3b0a516d2921e0d6,silver name: Batgerel Danaa; 2 mdabbert row(s) matched by opponent+date
mdabbert,Derrick,714e1e0681ddb703,silver name: Derrick Krantz; 1 mdabbert row(s) matched by opponent+date
mdabbert,Elizeu Dos Santos,8adcbd525fab8d9b,silver name: Elizeu Zaleski dos Santos; 2 mdabbert row(s) matched by opponent+date
mdabbert,Emily Peters Kagan,c1ea9d56cd953586,silver name: Emily Kagan; 2 mdabbert row(s) matched by opponent+date
mdabbert,Glaico Franca,00a3ff40c4b2cf21,silver name: Glaico Franca Moreira; 3 mdabbert row(s) matched by opponent+date
mdabbert,Grigorii Popov,d3fa5c5955397532,silver name: Grigory Popov; 2 mdabbert row(s) matched by opponent+date
mdabbert,Heather Jo Clark,dd4c16777fb2ccf9,silver name: Heather Clark; 3 mdabbert row(s) matched by opponent+date
mdabbert,Heili Alateng,1897b7b913736a7c,silver name: Alatengheili; 2 mdabbert row(s) matched by opponent+date
mdabbert,Humberto Brown,e9e7e1c8ff289e1b,silver name: Humberto Brown Morrison; 1 mdabbert row(s) matched by opponent+date
mdabbert,Ian Garry,442c9011034ae1fd,silver name: Ian Machado Garry; 3 mdabbert row(s) matched by opponent+date
mdabbert,Jim Crute,70e1f8a821b72c8b,silver name: Jimmy Crute; 1 mdabbert row(s) matched by opponent+date
mdabbert,Jimmy Wallhead,0c670b443c3d269f,silver name: Jim Wallhead; 2 mdabbert row(s) matched by opponent+date
mdabbert,Joanne Calderwood,12f91bfa8f1f723b,silver name: Joanne Wood; 10 mdabbert row(s) matched by opponent+date
mdabbert,Joe Gigliotti,83825fad27ab3581,silver name: Joseph Gigliotti; 2 mdabbert row(s) matched by opponent+date
mdabbert,Joshua Culibao,6751eacd16bd59bc,silver name: Josh Culibao; 1 mdabbert row(s) matched by opponent+date
mdabbert,Joshua Sampo,f65dcb22dada2223,silver name: Josh Sampo; 4 mdabbert row(s) matched by opponent+date
mdabbert,Juan Puig,85d0fafb8b75d634,silver name: Juan Manuel Puig; 2 mdabbert row(s) matched by opponent+date
mdabbert,Jun Yong Park,285ae0b4a68221f4,silver name: JunYong Park; 1 mdabbert row(s) matched by opponent+date
mdabbert,Junior Hernandez,915c8d39d4a0e7d1,silver name: Ramiro Hernandez; 2 mdabbert row(s) matched by opponent+date
mdabbert,Kai Kamaka,eee0ef3e2b14816b,silver name: Kai Kamaka III; 2 mdabbert row(s) matched by opponent+date
mdabbert,Kalinn Williams,2558ae2e5671e318,silver name: Khaos Williams; 1 mdabbert row(s) matched by opponent+date
mdabbert,Katlyn Chookagian,e872e9a9a902c045,silver name: Katlyn Cerminara; 15 mdabbert row(s) matched by opponent+date
mdabbert,Kevin Souza,6c7020b859c7a3ce,silver name: Edimilson Souza; 4 mdabbert row(s) matched by opponent+date
mdabbert,Krzystof Jotko,4e06913c91da5200,silver name: Krzysztof Jotko; 1 mdabbert row(s) matched by opponent+date
mdabbert,Leonardo Augusto Leleco,cc98d857b148e33a,silver name: Leonardo Guimaraes; 2 mdabbert row(s) matched by opponent+date
mdabbert,Liu Pingyuan,31bbd39c0a075d4e,silver name: Pingyuan Liu; 4 mdabbert row(s) matched by opponent+date
mdabbert,Luci Pudilova,3cf66c62d9069f43,silver name: Lucie Pudilova; 1 mdabbert row(s) matched by opponent+date
mdabbert,Luiz Garagorri,7bde387d50829adf,silver name: Eduardo Garagorri; 1 mdabbert row(s) matched by opponent+date
mdabbert,Magomed Bibulatov,87f19d19f4cb73f8,silver name: Bibulatov Magomed; 3 mdabbert row(s) matched by opponent+date
mdabbert,Michelle Waterson,eb04b9d31e938edb,silver name: Michelle Waterson-Gomez; 10 mdabbert row(s) matched by opponent+date
mdabbert,Minotauro Nogueira,ee9d73f4fee9cbdd,silver name: Antonio Rodrigo Nogueira; 6 mdabbert row(s) matched by opponent+date
mdabbert,Mirko Cro Cop,c32fb8c0f6471a4d,silver name: Mirko Filipovic; 5 mdabbert row(s) matched by opponent+date
mdabbert,Mizuki Inoue,43a59ce3bb40449e,silver name: Mizuki; 2 mdabbert row(s) matched by opponent+date
mdabbert,Montserrat Conejo,1235b31de15d0c6e,silver name: Montserrat Conejo Ruiz; 1 mdabbert row(s) matched by opponent+date
mdabbert,Montserrat Rendon,60193e707634e560,silver name: Montse Rendon; 2 mdabbert row(s) matched by opponent+date
mdabbert,Na Liang,ec0dcceace7d25a3,silver name: Liang Na; 1 mdabbert row(s) matched by opponent+date
mdabbert,Nico Musoke,8b5f9ea38184ded3,silver name: Nicholas Musoke; 6 mdabbert row(s) matched by opponent+date
mdabbert,Nina Ansaroff,d343df8ba11f4c4e,silver name: Nina Nunes; 7 mdabbert row(s) matched by opponent+date
mdabbert,Ning Guangyou,2c1170b825f58e57,silver name: Guangyou Ning; 4 mdabbert row(s) matched by opponent+date
mdabbert,Ode Obsourne,6d68c1afe954f121,silver name: Ode Osbourne; 1 mdabbert row(s) matched by opponent+date
mdabbert,Omar Antonio Morales Ferrer,a0e6753c42698f13,silver name: Omar Morales; 1 mdabbert row(s) matched by opponent+date
mdabbert,Patricio Freire,98a58c26c5b1ed17,silver name: Patricio Pitbull; 2 mdabbert row(s) matched by opponent+date
mdabbert,Peter Yan,d661ce4da776fc20,silver name: Petr Yan; 1 mdabbert row(s) matched by opponent+date
mdabbert,Philip Rowe,8e382b585a92affe,silver name: Phil Rowe; 1 mdabbert row(s) matched by opponent+date
mdabbert,Phillip Hawes,547afe1017e72dbe,silver name: Phil Hawes; 1 mdabbert row(s) matched by opponent+date
mdabbert,Polo Reyes,edd02825c29028fe,silver name: Marco Polo Reyes; 6 mdabbert row(s) matched by opponent+date
mdabbert,Rafael Feijao,5c1ca0c72b599a3c,silver name: Rafael Cavalcante; 5 mdabbert row(s) matched by opponent+date
mdabbert,Rampage Jackson,ffc088e64fab57e9,silver name: Quinton Jackson; 7 mdabbert row(s) matched by opponent+date
mdabbert,Raphael Pessoa Nunes,41f90012b86a11bf,silver name: Raphael Pessoa; 2 mdabbert row(s) matched by opponent+date
mdabbert,Rick Glenn,814ff3018127e8fc,silver name: Ricky Glenn; 6 mdabbert row(s) matched by opponent+date
mdabbert,Rob Whiteford,1dafccb62a0f98ec,silver name: Robert Whiteford; 5 mdabbert row(s) matched by opponent+date
mdabbert,Roberto Sanchez,546f8599a63c29da,silver name: Robert Sanchez; 3 mdabbert row(s) matched by opponent+date
mdabbert,Rocco Martin,5331b25a60417ffb,silver name: Anthony Rocco Martin; 2 mdabbert row(s) matched by opponent+date
mdabbert,Rodolfo Rubio,c4731f43693b96b8,silver name: Rodolfo Rubio Perez; 1 mdabbert row(s) matched by opponent+date
mdabbert,Roldan Sangcha-an,57887765f831e228,silver name: Roldan Sangcha'an; 2 mdabbert row(s) matched by opponent+date
mdabbert,Rong Zhu,a13d755965a4ec9f,silver name: Rongzhu; 2 mdabbert row(s) matched by opponent+date
mdabbert,Seohee Ham,165c244bcca3ed26,silver name: Seo Hee Ham; 3 mdabbert row(s) matched by opponent+date
mdabbert,Su Mudaerji,3cf18e01cb6cbde3,silver name: Sumudaerji; 4 mdabbert row(s) matched by opponent+date
mdabbert,Tecia Torres,31ef8b67e13495b3,silver name: Tecia Pennington; 12 mdabbert row(s) matched by opponent+date
mdabbert,Tiago Trator,8ce87f7e3a9baed2,silver name: Tiago dos Santos e Silva; 4 mdabbert row(s) matched by opponent+date
mdabbert,Tiequan Zhang,c23e3d4875340d8d,silver name: Zhang Tiequan; 4 mdabbert row(s) matched by opponent+date
mdabbert,Tim Johnson,cc900af167fbedfd,silver name: Timothy Johnson; 7 mdabbert row(s) matched by opponent+date
mdabbert,Ulka Sasaki,7c3c48cf54a2848e,silver name: Yuta Sasaki; 9 mdabbert row(s) matched by opponent+date
mdabbert,Veronica Macedo,4798e823ada58fe9,silver name: Veronica Hardy; 5 mdabbert row(s) matched by opponent+date
mdabbert,Vincente Luque,6d4b63c767106d3a,silver name: Vicente Luque; 1 mdabbert row(s) matched by opponent+date
mdabbert,Weili Zhang,1ebe20ebbfa15e29,silver name: Zhang Weili; 3 mdabbert row(s) matched by opponent+date
mdabbert,Wendell Oliveira,32c03df3c9760069,silver name: Wendell Oliveira Marques; 2 mdabbert row(s) matched by opponent+date
mdabbert,William Patolino,ed74afc8b5b47a61,silver name: William Macario; 4 mdabbert row(s) matched by opponent+date
mdabbert,Wuliji Buren,2296125b6c362355,silver name: Wulijiburen; 3 mdabbert row(s) matched by opponent+date
mdabbert,Yana Kunitskaya,3143bf892608139a,silver name: Yana Santos; 6 mdabbert row(s) matched by opponent+date
mdabbert,Youssef Zalel,52c2ae6d2f2d2613,silver name: Youssef Zalal; 1 mdabbert row(s) matched by opponent+date
mdabbert,Zachary Reese,23dec7c47cb418f8,silver name: Zach Reese; 3 mdabbert row(s) matched by opponent+date
mdabbert,Zhalgas Zhamagulov,55fa6ce3e522c8bb,silver name: Zhalgas Zhumagulov; 1 mdabbert row(s) matched by opponent+date
mdabbert,Zu Anyanwu,78d48d3874dacafd,silver name: Azunna Anyanwu; 1 mdabbert row(s) matched by opponent+date
